Coach_Directory,Coach_Name,Background,Offensive_Years,Defensive_Years,Total_Coaching_Years,Sample_Roles
Aaron Glenn,Aaron Glenn,Defensive,0,11,12,"Asst. Defensive Backs, Defensive Backs, Defensive Coordinator"
Aaron Kromer,Aaron Kromer,Offensive,25,0,35,"Graduate Assistant, Tight Ends/H-Backs, Offensive Line"
Abe Gibron,Abe Gibron,Both,9,12,25,"Line Coach, Offensive Line, Defensive Line"
Adam Gase,Adam Gase,Offensive,11,0,21,"Graduate Assistant, Recruiting Assistant, Scouting Assistant"
Adam Walsh,Adam Walsh,Offensive,8,0,34,"Head Coach, Line Coach"
Al Cornsweet,Al Cornsweet,Other,0,0,1,Head Coach
Al Davis,Al Davis,Offensive,10,0,14,"Freshman/Line Coach, Scout, Line Coach"
Al Groh,Al Groh,Defensive,2,26,46,"Assistant Coach, Defensive Coach, Freshmen Team Head Coach"
Al Jolley,Al Jolley,Other,0,0,2,Head Coach
Al Nesser,Al Nesser,Other,0,0,1,Head Coach
Al Pierotti,Al Pierotti,Other,0,0,1,Head Coach
Al Saunders,Al Saunders,Offensive,29,0,50,"Graduate Assistant, Wide Receivers, Play-Caller/Offensive Backfield"
Aldo Donelli,Aldo Donelli,Offensive,1,0,37,"Freshmen Coach, Assistant Coach, Head Coach"
Alex Webster,Alex Webster,Offensive,2,0,7,"Backfield Coach, Head Coach"
Alfred McGall,Alfred McGall,Other,0,0,15,Head Coach
Algy Clark,Algy Clark,Other,0,0,1,Head Coach
Allie Sherman,Allie Sherman,Offensive,6,0,18,"Backfield Coach, Head Coach, Offensive Coordinator"
Andy Reid,Andy Reid,Offensive,16,0,44,"Graduate Assistant, Offensive Coordinator/Offensive Line, Offensive Line"
Andy Salata,Andy Salata,Other,0,0,1,Head Coach
Anthony Lynn,Anthony Lynn,Offensive,14,0,26,"Special Team Assistant, Running Backs, Asst. Head Coach/Running Backs"
Antonio Pierce,Antonio Pierce,Defensive,0,5,11,"Head Coach, Linebackers/Recruiting Coordinator, Defensive Coordinator/Associate HC/Linebackers/Recruiting Coordinator"
Archie Golembeski,Archie Golembeski,Other,0,0,9,Head Coach
Arnie Horween,Arnie Horween,Other,0,0,7,Head Coach
Art Lewis,Art Lewis,Offensive,1,0,16,"Assistant Coach, Head Coach, Line Coach"
Art Shell,Art Shell,Offensive,12,0,19,"Offensive Line, Head Coach"
Arthur Smith,Arthur Smith,Offensive,11,2,19,"Graduate Assistant, Defensive Quality Assistant, Defensive Intern"
Austin Higgins,Austin Higgins,Other,0,0,1,Head Coach
Babe Ruetz,Babe Ruetz,Other,0,0,3,Head Coach
Barry Switzer,Barry Switzer,Offensive,12,0,32,"Running Backs, Offensive Coordinator, Head Coach"
Bart Starr,Bart Starr,Offensive,1,0,10,"Quarterbacks, Head Coach"
Ben Johnson,Ben Johnson,Offensive,13,0,17,"Graduate Assistant, Tight Ends, Offensive Assistant"
Ben McAdoo,Ben McAdoo,Offensive,14,0,22,"Special Teams/Offensive Asst., OL/TE Coach, Offensive Asst."
Benny Friedman,Benny Friedman,Offensive,1,0,20,"Head Coach, Backfield Coach"
Bert Bell,Bert Bell,Other,0,0,18,"Assistant Coach, Head Coach"
Bill Arnsparger,Bill Arnsparger,Defensive,0,38,53,"Defensive Line, Defensive Coordinator, Defensive Coordinator/Linebackers"
Bill Austin,Bill Austin,Offensive,22,0,27,"Assistant Coach, Offensive Line, Head Coach"
Bill Belichick,Bill Belichick,Defensive,1,13,50,"Special Assistant, Asst. Special Teams, Receivers"
Bill Callahan,Bill Callahan,Offensive,29,0,46,"Graduate Assistant, Assistant Coach, Offensive Line"
Bill Conkright,Bill Conkright,Offensive,10,2,16,"Line Coach, Ends Coach, Ends/Centers"
Bill Cowher,Bill Cowher,Defensive,0,5,22,"Special Teams, Secondary, Defensive Coordinator"
Bill Edwards,Bill Edwards,Offensive,2,0,35,"Assistant Coach, Head Coach, Tackles"
Bill Johnson,Bill Johnson,Offensive,31,0,34,"Offensive Line, Head Coach, Tight Ends"
Bill McPeak,Bill McPeak,Both,9,3,19,"Defensive Line, Assistant Coach, Head Coach"
Bill O'Brien,Bill O'Brien,Offensive,18,1,33,"Tight Ends, Inside Linebackers, Graduate Assistant"
Bill Parcells,Bill Parcells,Defensive,0,17,37,"Linebackers, Defensive Coordinator, Head Coach"
Bill Peterson,Bill Peterson,Offensive,5,0,19,"Offensive Line, Head Coach"
Bill Walsh,Bill Walsh,Offensive,10,0,32,"Assistant Coach, Offensive Backfield, Head Coach"
Billy Marshall,Billy Marshall,Other,0,0,17,Head Coach
Blanton Collier,Blanton Collier,Offensive,11,0,45,"Head Coach, Assistant Coach, Backfield Coach"
Bo Hanley,Bo Hanley,Other,0,0,3,Head Coach
Bo McMillin,Bo McMillin,Other,0,0,30,Head Coach
Bob Dove,Bob Dove,Offensive,4,0,38,"Head Coach, Assistant Coach, Ends Coach"
Bob Folwell,Bob Folwell,Other,0,0,19,Head Coach
Bob Hollway,Bob Hollway,Defensive,0,16,34,"Assistant Coach, Defensive Line, Defensive Coordinator"
Bob Snyder,Bob Snyder,Offensive,3,0,19,"Offensive Backfield, Head Coach, Assistant Coach"
Bob Waterfield,Bob Waterfield,Offensive,1,0,7,"Kicking Coach, Assistant, Quarterbacks"
Bobby Petrino,Bobby Petrino,Offensive,21,0,41,"Graduate Assistant, Offensive Coordinator/QBs/WRs, Wide Receivers/Tight Ends"
Bobby Ross,Bobby Ross,Offensive,2,0,39,"Assistant Coach, Head Coach, Special Teams"
Brad Childress,Brad Childress,Offensive,30,0,41,"Running Backs, Wide Receivers, Quarterbacks"
Brandon Staley,Brandon Staley,Defensive,0,10,20,"Graduate Assistant, Defensive Line/Special Teams, Associate Head Coach/Defensive Coordinator"
Brian Billick,Brian Billick,Offensive,15,0,28,"Graduate Assistant, Tight Ends, Offensive Coordinator"
Brian Callahan,Brian Callahan,Offensive,13,0,16,"Coaching Assistant, Offensive Quality Control, Offensive Assistant"
Brian Daboll,Brian Daboll,Offensive,19,2,29,"Restricted-earnings coach, Graduate Assistant, Defensive Assistant"
Brian Flores,Brian Flores,Defensive,0,12,22,"Scouting Assistant, Pro Scout, Special Teams Assistant"
Brian Schottenheimer,Brian Schottenheimer,Offensive,25,0,29,"Assistant, Wide Receivers, Tight Ends"
Brick Muller,Brick Muller,Other,0,0,1,Head Coach
Bruce Arians,Bruce Arians,Offensive,25,0,46,"Graduate Assistant, RB/WR, Running Backs"
Bruce Coslet,Bruce Coslet,Offensive,14,0,22,"Tight Ends, Wide Receivers, Offensive Coordinator"
Buck Shaw,Buck Shaw,Offensive,7,0,34,"Head Coach, Line Coach"
Bud Carson,Bud Carson,Defensive,0,22,29,"Defensive Coordinator, Head Coach"
Bud Grant,Bud Grant,Other,0,0,28,Head Coach
Bud Wilkinson,Bud Wilkinson,Other,0,0,26,"Assistant Coach, Head Coach"
Buddy Parker,Buddy Parker,Offensive,1,0,21,"Assistant Coach, Head Coach, Backfield Coach"
Buddy Ryan,Buddy Ryan,Defensive,0,26,37,"Assistant, Head Coach, Athletic Director"
Budge Garrett,Budge Garrett,Other,0,0,1,Head Coach
Bull Behman,Bull Behman,Other,0,0,3,Head Coach
Bull Karcis,Bull Karcis,Other,0,0,3,Head Coach
Bulldog Turner,Bulldog Turner,Offensive,1,0,6,"Line Coach, Assistant, Head Coach"
Bum Phillips,Bum Phillips,Defensive,0,8,35,"Head Coach, Assistant Coach, Defensive Coordinator"
Buster Ramsey,Buster Ramsey,Defensive,0,12,14,"Defensive Assistant, Defensive Coordinator, Head Coach"
Butch Davis,Butch Davis,Both,9,15,44,"Assistant Coach, Offensive Line/Defensive Line, Offensive Line/Outside Linebackers"
Cam Cameron,Cam Cameron,Offensive,25,0,33,"Graduate Assistant, Wide Receivers, Quarterbacks/Wide Receivers"
Cap Edwards,Cap Edwards,Other,0,0,3,Head Coach
Cap McEwan,Cap McEwan,Other,0,0,16,"Assistant Coach, Head Coach"
Carl Storck,Carl Storck,Other,0,0,5,Head Coach
Carl Voyles,Carl Voyles,Offensive,8,0,32,"Head Coach, Assistant Coach, Ends Coach"
Cecil Isbell,Cecil Isbell,Offensive,3,0,11,"Assistant Coach, Head Coach, Backfield Coach"
Chan Gailey,Chan Gailey,Both,16,7,41,"Graduate Assistant, Defensive Backs, Defensive Coordinator"
Charley Ewart,Charley Ewart,Offensive,3,0,4,"Backfield Coach, Head Coach"
Charley Moran,Charley Moran,Other,0,0,20,"Assistant Coach, Head Coach"
Charley Rogers,Charley Rogers,Other,0,0,4,Head Coach
Charley Winner,Charley Winner,Defensive,0,19,30,"Assistant, Defensive Backs, Defensive Coordinator"
Charlie Brickley,Charlie Brickley,Other,0,0,4,Head Coach
Charlie Waller,Charlie Waller,Offensive,29,0,34,"Head Coach, Backfield Coach, Offensive Backfield"
Chile Walsh,Chile Walsh,Other,0,0,10,"Assistant Coach, Head Coach"
Chip Kelly,Chip Kelly,Both,18,3,35,"Secondary/Special Teams, Outside Linebackers/Strong Safeties, Running Backs"
Chris Palmer,Chris Palmer,Offensive,32,0,43,"DL/WR, Wide Receivers, Offensive Coordinator"
Chris Tabor,Chris Tabor,Offensive,7,0,32,"Assistant, Running Backs, Offensive Coordinator"
Chuck Drulis,Chuck Drulis,Both,5,16,22,"Line Coach, Defensive Line, Defensive Assistant"
Chuck Fairbanks,Chuck Fairbanks,Other,0,0,28,"Head Coach, Assistant Coach"
Chuck Knox,Chuck Knox,Offensive,10,0,40,"Assistant Coach, Head Coach, Offensive Line"
Chuck Noll,Chuck Noll,Both,7,9,32,"Defensive Line, Defensive Backfield, Head Coach"
Chuck Pagano,Chuck Pagano,Defensive,0,28,39,"Graduate Assistant, Linebackers, Secondary"
Chuck Studley,Chuck Studley,Both,5,23,35,"Line Coach, Head Coach, Defensive Line"
Clark Shaughnessy,Clark Shaughnessy,Defensive,0,12,48,"Assistant Coach, Head Coach, Offensive Consultant"
Clem Crowe,Clem Crowe,Offensive,3,0,27,"Head Coach, Line Coach"
Cliff Battles,Cliff Battles,Other,0,0,8,"Assistant Coach, Head Coach"
Clipper Smith,Clipper Smith,Other,0,0,28,Head Coach
Clive Rush,Clive Rush,Offensive,11,0,18,"Ends, Backfield Coach, Head Coach"
Coonie Checkaye,Coonie Checkaye,Other,0,0,1,Head Coach
Curly Lambeau,Curly Lambeau,Other,0,0,33,Head Coach
Dan Campbell,Dan Campbell,Offensive,10,0,16,"Offensive Coaching Intern, Tight Ends, TE Coach/Interim Head Coach"
Dan Devine,Dan Devine,Other,0,0,33,"Head Coach, Assistant Coach"
Dan Henning,Dan Henning,Offensive,29,0,40,"Quarterbacks, Offensive Coordinator, QB/Receivers Coach"
Dan Quinn,Dan Quinn,Defensive,0,24,32,"Defensive Line, Defensive Coordinator/D-Line, Defensive Quality Control"
Dan Reeves,Dan Reeves,Offensive,6,0,29,"Offensive Backfield, Offensive Coordinator, Head Coach"
Darrell Bevell,Darrell Bevell,Offensive,25,0,29,"Quarterbacks/Passing Game Coordinator, Graduate Assistant, Wide Receivers"
Darren Rizzi,Darren Rizzi,Defensive,0,5,33,"Graduate Assistant, Special Teams/Defensive Line, Defensive Coordinator"
Darryl Rogers,Darryl Rogers,Defensive,0,4,29,"Defensive Backs, Head Coach"
Dave Campo,Dave Campo,Defensive,0,30,47,"Assistant Coach, Assistant Head Coach/Defensive Coordinator, Defensive Backs"
Dave Canales,Dave Canales,Offensive,16,0,22,"Offensive Coordinator, Special Teams/Tight Ends, Quarterbacks"
Dave McGinnis,Dave McGinnis,Defensive,0,19,43,"Assistant Coach, Defensive Ends/Linebackers, Linebackers"
Dave Wannstedt,Dave Wannstedt,Defensive,0,19,42,"Graduate Assistant, Defensive Line, Defensive Coordinator"
David Culley,David Culley,Offensive,36,0,43,"Running Backs, Wide Receivers, Quarterbacks/Running Backs"
David Shula,David Shula,Offensive,16,0,21,"Wide Receivers, Wide Receivers/QB, Quarterbacks"
DeMeco Ryans,DeMeco Ryans,Defensive,0,6,9,"Defensive Quality Control, Inside Linebackers, Defensive Coordinator"
Dennis Allen,Dennis Allen,Defensive,0,20,30,"Graduate Assistant, Secondary, Defensive Quality Control"
Dennis Erickson,Dennis Erickson,Offensive,13,0,47,"Graduate Assistant, Running Backs, Offensive Coordinator"
Dennis Green,Dennis Green,Offensive,10,0,36,"Graduate Assistant, RB/WR Coach, RB Coach"
Dewey Scanlon,Dewey Scanlon,Other,0,0,4,Head Coach
Dick Hanley,Dick Hanley,Other,0,0,20,Head Coach
Dick Jauron,Dick Jauron,Defensive,0,17,28,"Defensive Assistant, Defensive Backs, Defensive Coordinator"
Dick LeBeau,Dick LeBeau,Defensive,0,38,45,"Special Teams, Defensive Backs, Defensive Coordinator"
Dick MacPherson,Dick MacPherson,Defensive,0,7,34,"Assistant Coach, Defensive Backs, Linebackers"
Dick Modzelewski,Dick Modzelewski,Defensive,0,22,22,"Defensive Line, Defensive Coordinator, Defensive Coordinator/Interim HC"
Dick Nolan,Dick Nolan,Both,4,13,29,"Defensive Backs, Defensive Coordinator, Head Coach"
Dick Rauch,Dick Rauch,Other,0,0,8,"Assistant Coach, Head Coach"
Dick Stanfel,Dick Stanfel,Offensive,36,0,36,"Offensive Line, Offensive Coordinator/OL, Offensive Line/Interim HC"
Dick Todd,Dick Todd,Offensive,3,0,6,"Backfield Coach, Head Coach"
Dick Vermeil,Dick Vermeil,Offensive,4,0,22,"Special Teams, Offensive Coordinator, Quarterbacks"
Dim Batterson,Dim Batterson,Other,0,0,10,"Head Coach, Assistant Coach"
Dirk Koetter,Dirk Koetter,Offensive,26,0,41,"Head Coach, Offensive Coordinator, Offensive Coordinator/Quarterbacks"
Doc Alexander,Doc Alexander,Other,0,0,2,Head Coach
Doc Young,Doc Young,Other,0,0,2,Head Coach
Dom Capers,Dom Capers,Defensive,0,33,51,"Graduate Assistant, Defensive Backs, Defensive Coordinator"
Don Coryell,Don Coryell,Other,0,0,35,"Head Coach, Assistant Coach"
Don McCafferty,Don McCafferty,Offensive,11,0,26,"Assistant Coach, Ends Coach, Offensive Backfield"
Don Shula,Don Shula,Defensive,0,5,38,"Defensive Backs, Defensive Coordinator, Head Coach"
Doug Marrone,Doug Marrone,Offensive,20,0,33,"Tight Ends, Offensive Line, Tight Ends/Offensive Tackles"
Doug Pederson,Doug Pederson,Offensive,7,0,19,"Head Coach, Offensive Quality Control, Quarterbacks"
Doug Wycoff,Doug Wycoff,Other,0,0,2,Head Coach
Dudley DeGroot,Dudley DeGroot,Other,0,0,24,Head Coach
Dutch Bergman,Dutch Bergman,Other,0,0,22,"Head Coach, Assistant Coach, Scout"
Dutch Clark,Dutch Clark,Offensive,2,0,14,"Assistant Coach, Head Coach, Backfield Coach"
Dutch Hendrian,Dutch Hendrian,Other,0,0,1,Head Coach
Earl Potteiger,Earl Potteiger,Other,0,0,3,Head Coach
Ed Biles,Ed Biles,Defensive,0,11,33,"Assistant Coach, Head Coach, Freshman Coach"
Ed Hughes,Ed Hughes,Both,21,9,32,"Defensive Backs, Receivers, Offensive Coordinator"
Ed Khayat,Ed Khayat,Defensive,0,23,29,"Defensive Line, Head Coach"
Ed Kubale,Ed Kubale,Other,0,0,18,"Assistant Coach, Head Coach"
Ed McKeever,Ed McKeever,Offensive,10,0,15,"Backfield Coach, Head Coach"
Ed Robinson,Ed Robinson,Other,0,0,28,Head Coach
Ed Weir,Ed Weir,Other,0,0,12,"Head Coach, Assistant Coach"
Eddie Casey,Eddie Casey,Offensive,2,0,17,"Head Coach, Freshmen Coach, Backfield Coach"
Eddie Erdelatz,Eddie Erdelatz,Defensive,0,2,22,"Assistant Coach, Defensive Coach, Head Coach"
Elgie Tobin,Elgie Tobin,Other,0,0,2,Head Coach
Emmitt Thomas,Emmitt Thomas,Defensive,1,31,40,"Defensive Coordinator, Secondary, TE/WR"
Eric Mangini,Eric Mangini,Defensive,2,10,19,"Coaches Assistant, Offensive Assistant/Quality Control, Defensive Assistant/Quality Control"
Eric Studesville,Eric Studesville,Both,24,3,36,"Graduate Assistant, Video Assistant, Defensive Backs"
Ernie Hefferle,Ernie Hefferle,Offensive,12,0,23,"Assistant Coach, Offensive Line, Head Coach"
Ernie Nevers,Ernie Nevers,Offensive,3,0,13,"Head Coach, Reserves Coach, Assistant Coach"
Fay Abbott,Fay Abbott,Other,0,0,2,Head Coach
Forrest Douds,Forrest Douds,Other,0,0,1,Head Coach
Forrest Gregg,Forrest Gregg,Offensive,2,0,18,"Offensive Line, Head Coach"
Frank Bridges,Frank Bridges,Offensive,1,0,16,"Head Coach, Ends Coach"
Frank Coughlin,Frank Coughlin,Other,0,0,1,Head Coach
Frank Fausch,Frank Fausch,Other,0,0,2,Head Coach
Frank Filchock,Frank Filchock,Offensive,1,0,10,"Head Coach, Backfield Coach, Assistant Coach"
Frank Gansz,Frank Gansz,Offensive,8,0,38,"Assistant Coach, Special Teams/Tight Ends, Asst. HC/Special Teams"
Frank Kush,Frank Kush,Offensive,3,0,31,"Head Coach, Line Coach"
Frank Nied,Frank Nied,Other,0,0,1,Head Coach
Frank Reich,Frank Reich,Offensive,6,0,18,"Intern, Offensive Asst., Wide Receivers"
Frankie Albert,Frankie Albert,Offensive,1,0,4,"Backfield Coach/Scout, Head Coach"
Fred Bruney,Fred Bruney,Defensive,0,29,36,"Defensive Backs, Defensive Coordinator, Assistant Head Coach/Defensive Backs"
Fred Gillies,Fred Gillies,Other,0,0,1,Head Coach
Fred O'Connor,Fred O'Connor,Offensive,16,0,29,"Head Coach, Backfield Coach, Receivers/QBs"
Freddie Kitchens,Freddie Kitchens,Offensive,24,0,27,"Offensive Assistant, Graduate Assistant, Running Backs"
Fritz Pollard,Fritz Pollard,Other,0,0,5,Head Coach
Gary Kubiak,Gary Kubiak,Offensive,16,0,27,"Running Backs, Quarterbacks, Offensive Coordinator/QBs"
Gary Moeller,Gary Moeller,Both,7,19,37,"Assistant, Defensive Ends, Defensive Coordinator"
Gene Ronzani,Gene Ronzani,Offensive,4,0,12,"Head Coach, Quarterbacks, Backfield Coach"
Gene Stallings,Gene Stallings,Defensive,0,21,39,"Defensive Assistant, Head Coach, Defensive Backs"
George Allen,George Allen,Defensive,0,7,20,"Ends, Defensive Assistant, Defensive Coordinator"
George Gibson,George Gibson,Offensive,1,0,8,"Line Coach, Head Coach"
George Halas,George Halas,Other,0,0,40,Head Coach
George Seifert,George Seifert,Defensive,0,20,36,"Graduate Assistant, Head Coach, Defensive Backs"
George Wilson,George Wilson,Offensive,10,0,23,"Assistant Coach, Ends Coach, Offensive Coach"
Giff Smith,Giff Smith,Defensive,1,27,34,"Graduate Assistant, Wide Receivers, Defensive Backs"
Greasy Neale,Greasy Neale,Offensive,7,0,31,"Head Coach, Backfield Coach"
Greg Schiano,Greg Schiano,Defensive,0,10,34,"Graduate Assistant, Secondary, Defensive Assistant"
Gregg Williams,Gregg Williams,Defensive,0,24,39,"Graduate Assistant, Defensive Quality Control, Special Teams"
Guil Falcon,Guil Falcon,Other,0,0,3,Head Coach
Gunther Cunningham,Gunther Cunningham,Defensive,0,32,48,"Defensive Line, Asst OL/Freshman, Defensive Backs"
Gus Bradley,Gus Bradley,Defensive,0,26,36,"Graduate Assistant, Defensive Coordinator/Linebackers, Assistant"
Gus Dorais,Gus Dorais,Offensive,3,0,35,"Head Coach, Backfield Coach"
Gus Henderson,Gus Henderson,Other,0,0,29,Head Coach
Gus Tebell,Gus Tebell,Other,0,0,14,"Head Coach, Assistant Coach"
Guy Chamberlin,Guy Chamberlin,Other,0,0,6,Head Coach
Hal Erickson,Hal Erickson,Other,0,0,1,Head Coach
Hal Griffen,Hal Griffen,Other,0,0,1,Head Coach
Hal Hanson,Hal Hanson,Other,0,0,11,"Head Coach, Assistant Coach"
Hal Hunter,Hal Hunter,Both,25,3,35,"Assistant Coach, Defensive Line, Offensive Line"
Hampton Pool,Hampton Pool,Offensive,5,0,15,"Head Coach, Assistant Coach, Backfield Coach"
Hank Bullough,Hank Bullough,Defensive,0,22,38,"Assistant Coach, Linebackers, Defensive Line"
Hank Gillo,Hank Gillo,Other,0,0,1,Head Coach
Hank Kuhlmann,Hank Kuhlmann,Offensive,13,0,39,"Graduate Assistant, Assistant, Special Teams"
Hank Stram,Hank Stram,Other,0,0,29,"Assistant, Head Coach"
Harland Svare,Harland Svare,Defensive,0,6,13,"Defensive Coordinator, Head Coach"
Harry Gilmer,Harry Gilmer,Both,20,4,26,"Backfield Coach, Defensive Backs, Head Coach"
Harry Mehre,Harry Mehre,Offensive,1,0,23,"Line Coach, Head Coach, Assistant Coach"
Harry Robb,Harry Robb,Other,0,0,3,Head Coach
Harvey Johnson,Harvey Johnson,Defensive,0,2,12,"Assistant Coach, Head Coach, Secondary/Kickers"
Herb Dell,Herb Dell,Other,0,0,1,Head Coach
Herb Joesting,Herb Joesting,Other,0,0,1,Head Coach
Herb Kopf,Herb Kopf,Other,0,0,29,"Assistant Coach, Head Coach"
Herb Sies,Herb Sies,Other,0,0,1,Head Coach
Herm Edwards,Herm Edwards,Both,3,4,27,"Offensive Assistant, Scout, Defensive Backs"
Herman Ball,Herman Ball,Offensive,13,0,34,"Head Coach, Assistant Coach, Offensive Line"
Hinkey Haines,Hinkey Haines,Other,0,0,1,Head Coach
Hoge Workman,Hoge Workman,Other,0,0,7,Head Coach
Homer Rice,Homer Rice,Offensive,5,0,22,"Head Coach, Offensive Assistant, Offensive Backfield"
Howard Schnellenberger,Howard Schnellenberger,Offensive,16,0,47,"Assistant Coach, Offensive Coordinator, Receivers"
Hubert Wiggs,Hubert Wiggs,Other,0,0,1,Head Coach
Hue Jackson,Hue Jackson,Offensive,25,1,37,"Graduate Assistant, Running Backs/Special Teams, RBs/WRs/Special Teams"
Hugh Campbell,Hugh Campbell,Other,0,0,16,Head Coach
Hugh Devore,Hugh Devore,Offensive,3,0,35,"Freshman Coach, Line Coach, Head Coach"
Hugh Taylor,Hugh Taylor,Offensive,7,1,14,"Assistant Coach, Head Coach, Receivers"
Hugo Bezdek,Hugo Bezdek,Other,0,0,25,Head Coach
Hunk Anderson,Hunk Anderson,Offensive,11,0,23,"Line Coach, Head Coach"
J.D. Roberts,J.D. Roberts,Defensive,0,2,14,"Assistant Coach, Linebackers, Head Coach"
Jack Chevigny,Jack Chevigny,Other,0,0,8,"Assistant Coach, Head Coach"
Jack Christiansen,Jack Christiansen,Both,10,10,25,"Defensive Backfield, Head Coach, Assistant Coach"
Jack Del Rio,Jack Del Rio,Defensive,0,11,27,"Strength and Conditioning, Linebackers, Defensive Coordinator"
Jack Depler,Jack Depler,Other,0,0,10,"Assistant Coach, Head Coach"
Jack Faulkner,Jack Faulkner,Defensive,1,11,27,"Assistant Coach, Defensive Backs, Head Coach"
Jack Fish,Jack Fish,Other,0,0,3,Head Coach
Jack Forsyth,Jack Forsyth,Other,0,0,3,Head Coach
Jack Hegarty,Jack Hegarty,Other,0,0,3,Head Coach
Jack Heldt,Jack Heldt,Other,0,0,2,Head Coach
Jack Keogh,Jack Keogh,Other,0,0,1,Head Coach
Jack Meagher,Jack Meagher,Other,0,0,23,Head Coach
Jack Pardee,Jack Pardee,Defensive,0,1,19,"Head Coach, Defensive Coordinator"
Jack Patera,Jack Patera,Defensive,0,13,20,"Defensive Line, Head Coach"
Jap Douds,Jap Douds,Other,0,0,1,Head Coach
Jason Garrett,Jason Garrett,Offensive,5,0,18,"Quarterbacks, Offensive Coordinator, Assistant Head Coach/Offensive Coordinator"
Jay Gruden,Jay Gruden,Offensive,13,0,25,"Offensive Coordinator, Head Coach, Offensive Assistant"
Jeff Fisher,Jeff Fisher,Defensive,0,9,32,"Defensive Backs, Defensive Coordinator/Linebackers, Defensive Coordinator"
Jeff Saturday,Jeff Saturday,Other,0,0,4,"Head Coach, Interim Head Coach"
Jeff Ulbrich,Jeff Ulbrich,Defensive,0,12,16,"Asst. Special Teams, Linebackers/Special Teams, Linebackers"
Jerod Mayo,Jerod Mayo,Defensive,0,5,6,"Inside Linebackers, Linebackers, Head Coach"
Jerry Burns,Jerry Burns,Both,20,6,41,"Assistant, Head Coach, Backs Coach"
Jerry Glanville,Jerry Glanville,Defensive,0,14,36,"Defensive Coordinator, DE/OLB, Special Teams"
Jerry Rosburg,Jerry Rosburg,Defensive,0,14,41,"Assistant Coach, Graduate Assistant, Linebackers"
Jerry Smith,Jerry Smith,Both,5,17,25,"Assistant Coach, Defensive Line/Linebackers, Defensive Line"
Jerry Williams,Jerry Williams,Both,7,6,22,"Head Coach, Defensive Backfield, Assistant Coach"
Jim Bates,Jim Bates,Defensive,1,29,35,"Graduate Assistant, Assistant Coach, Offensive Line"
Jim Caldwell,Jim Caldwell,Offensive,19,0,45,"Graduate Assistant, Wide Receivers, Offensive Assistant"
Jim Crowley,Jim Crowley,Other,0,0,17,"Assistant Coach, Head Coach"
Jim Dooley,Jim Dooley,Both,3,4,20,"Defensive Assistant, Receivers, Defensive Coordinator"
Jim Fassel,Jim Fassel,Offensive,13,0,35,"Asst. Coach, QB/WR, Offensive Coordinator"
Jim Hanifan,Jim Hanifan,Offensive,27,0,42,"Assistant Coach, Head Coach, Offensive Assistant"
Jim Harbaugh,Jim Harbaugh,Offensive,2,0,32,"Assistant Coach, Quarterbacks, Head Coach"
Jim Haslett,Jim Haslett,Defensive,0,25,34,"Linebackers, Defensive Coordinator, Head Coach"
Jim Kendrick,Jim Kendrick,Other,0,0,6,"Assistant Coach, Head Coach"
Jim Laird,Jim Laird,Other,0,0,7,Head Coach
Jim Lee Howell,Jim Lee Howell,Other,0,0,14,Head Coach
Jim Leonard,Jim Leonard,Other,0,0,8,"Head Coach, Assistant Coach"
Jim Mora Jr,Jim Mora Jr,Defensive,1,19,37,"Graduate Assistant, Defensive Quality Control, Defensive Assistant/Secondary"
Jim Mora Sr,Jim Mora Sr,Defensive,0,17,41,"Assistant Coach, Head Coach, Linebackers"
Jim Ringo,Jim Ringo,Offensive,18,0,20,"Offensive Line, Head Coach, Offensive Coordinator"
Jim Schwartz,Jim Schwartz,Defensive,0,25,36,"Graduate Assistant/Linebackers, Graduate Assistant, Secondary"
Jim Shofner,Jim Shofner,Both,22,4,30,"Assistant, Defensive Backs, Quarterbacks/WR"
Jim Thorpe,Jim Thorpe,Other,0,0,10,"Head Coach, Assistant Coach"
Jim Tomsula,Jim Tomsula,Defensive,0,28,35,"Assistant Coach/Strength & Conditioning, Defensive Line, Defensive Coordinator"
Jim Trimble,Jim Trimble,Offensive,3,0,20,"Assistant Coach, Head Coach, Line Coach"
Jim Zorn,Jim Zorn,Offensive,23,0,26,"Offensive Assistant/Quarterbacks, Offensive Coordinator, Quarterbacks"
Jimmy Conzelman,Jimmy Conzelman,Other,0,0,25,Head Coach
Jimmy Johnson,Jimmy Johnson,Defensive,0,9,33,"Assistant Coach, Defensive Line, Defensive Coordinator"
Jimmy Phelan,Jimmy Phelan,Other,0,0,32,Head Coach
Jock Sutherland,Jock Sutherland,Other,0,0,24,Head Coach
Joe Bach,Joe Bach,Offensive,16,0,29,"Line Coach, Head Coach"
Joe Brandy,Joe Brandy,Other,0,0,6,Head Coach
Joe Bugel,Joe Bugel,Offensive,20,0,43,"Graduate Assistant, Assistant, Offensive Line"
Joe Collier,Joe Collier,Defensive,0,26,34,"Assistant Coach, Defensive Backs, Defensive Backs/Linebackers"
Joe Gibbs,Joe Gibbs,Offensive,17,0,33,"Offensive Line, Running Backs, Offensive Backfield"
Joe Judge,Joe Judge,Offensive,3,1,21,"Graduate Assistant, Linebackers, Special Teams Assistant"
Joe Kuharich,Joe Kuharich,Offensive,2,0,21,"Line Coach, Head Coach"
Joe Philbin,Joe Philbin,Offensive,31,0,41,"Graduate Assistant, Offensive Line, Offensive Coordinator/Offensive Line"
Joe Schmidt,Joe Schmidt,Defensive,0,1,7,"Linebackers, Head Coach"
Joe Stydahar,Joe Stydahar,Offensive,3,2,10,"Line Coach, Head Coach, Defensive Line"
Joe Thomas,Joe Thomas,Defensive,0,4,11,"Freshmen Coach, Assistant Coach, Defensive Line"
Joe Vitt,Joe Vitt,Defensive,0,16,44,"Strength/Quality Control, Defensive Quality Control, Quality Control/Asst. LB"
Joe Walton,Joe Walton,Offensive,16,0,43,"Wide Receivers, Offensive Coordinator, Running Backs"
Joey Sternaman,Joey Sternaman,Other,0,0,2,Head Coach
John Armstrong,John Armstrong,Other,0,0,1,Head Coach
John Fassel,John Fassel,Offensive,2,0,27,"WR Coach, Strength & Conditioning/WRs, Grad Asst/Sports Science"
John Fox,John Fox,Defensive,0,22,42,"Graduate Assistant, Defensive Backs, Defensive Coordinator/Defensive Backs"
John Harbaugh,John Harbaugh,Both,4,6,42,"Running Backs/Outside Linebackers, Tight Ends, Special Teams/Secondary"
John Mackovic,John Mackovic,Offensive,11,0,33,"Graduate Assistant, Freshman Coach, Offensive Coordinator"
John Madden,John Madden,Defensive,0,5,19,"Assistant Coach, Head Coach, Defensive Coordinator"
John Mazur,John Mazur,Both,9,8,26,"Assistant Coach, Offensive Backfield, Offensive Coordinator"
John McKay,John McKay,Other,0,0,35,"Assistant Coach, Head Coach"
John McVay,John McVay,Other,0,0,25,"Assistant Coach, Head Coach"
John Michelosen,John Michelosen,Offensive,9,0,24,"Backfield Coach, Head Coach"
John North,John North,Offensive,15,0,29,"Assistant Coach, Receivers, Head Coach"
John Ralston,John Ralston,Offensive,1,0,33,"Assistant Coach, Head Coach, Offensive Coordinator"
John Rauch,John Rauch,Offensive,8,0,26,"Assistant Coach, Offensive Backfield, Head Coach"
John Robinson,John Robinson,Offensive,4,1,44,"Assistant Coach, Offensive Coordinator, Offensive Backfield"
John Sandusky,John Sandusky,Both,29,6,36,"Defensive Line, Offensive Line, Head Coach"
John Whelchel,John Whelchel,Other,0,0,4,"Assistant Coach, Head Coach"
Johnny Blood,Johnny Blood,Other,0,0,8,Head Coach
Johnny Bryan,Johnny Bryan,Other,0,0,2,Head Coach
Johnny Murphy,Johnny Murphy,Other,0,0,1,Head Coach
Jon Gruden,Jon Gruden,Offensive,10,0,28,"Graduate Assistant, Passing Game Coordinator, Wide Receivers"
Jonathan Gannon,Jonathan Gannon,Defensive,0,12,22,"Student Assistant, Graduate Assistant, Defensive Quality Control"
Josh McDaniels,Josh McDaniels,Offensive,17,2,25,"Graduate Assistant, Personnel Assistant, Defensive Assistant"
June Jones,June Jones,Offensive,13,0,36,"QB Coach, WR Coach, Offensive Coordinator"
Kay Stephenson,Kay Stephenson,Offensive,8,0,20,"Assistant Coach, Head Coach, Offensive Assistant"
Keith Molesworth,Keith Molesworth,Offensive,9,0,14,"Backfield Coach, Head Coach"
Kellen Moore,Kellen Moore,Offensive,7,0,8,"Quarterbacks, Offensive Coordinator, Head Coach"
Ken Huffine,Ken Huffine,Other,0,0,1,Head Coach
Ken Meyer,Ken Meyer,Offensive,28,0,40,"Assistant Coach, Quarterbacks, Offensive Backfield"
Ken Shipp,Ken Shipp,Offensive,11,0,29,"Assistant Coach, Receivers, Offensive Coordinator"
Ken Whisenhunt,Ken Whisenhunt,Offensive,16,0,29,"Special Teams/Tight Ends/Running Backs, Tight Ends, Special Teams"
Kevin Gilbride,Kevin Gilbride,Both,23,6,38,"Linebackers Coach, Defensive Coordinator, Head Coach"
Kevin O'Connell,Kevin O'Connell,Offensive,7,0,11,"Quarterbacks, Offensive Assistant, Offensive Coordinator"
Kevin Stefanski,Kevin Stefanski,Offensive,11,0,20,"Assistant, Asst. QB Coach, Tight Ends"
Kliff Kingsbury,Kliff Kingsbury,Offensive,7,0,18,"Offensive Quality Control, Offensive Coordinator/QB, Head Coach"
Kyle Shanahan,Kyle Shanahan,Offensive,13,0,23,"Graduate Assistant, Offensive Quality Control, Wide Receivers"
Lane Kiffin,Lane Kiffin,Offensive,10,1,29,"Graduate Assistant, Offensive Line Assistant, Defensive Quality Control"
Larry Wilson,Larry Wilson,Other,0,0,1,Head Coach
Leeman Bennett,Leeman Bennett,Offensive,9,0,22,"Assistant Coach, Offensive Assistant, Offensive Coordinator"
Lenny Sachs,Lenny Sachs,Other,0,0,1,Head Coach
Leo Lyons,Leo Lyons,Other,0,0,2,Head Coach
Les Steckel,Les Steckel,Offensive,20,0,29,"Assistant Coach, Wide Receivers, Head Coach"
Leslie Frazier,Leslie Frazier,Defensive,0,17,38,"Head Coach, Defensive Backs, Defensive Coordinator"
Liam Coen,Liam Coen,Offensive,15,0,16,"Quarterbacks, Quarterbacks/Passing Game Coordinator, Offensive Coordinator"
Lindy Infante,Lindy Infante,Offensive,13,0,29,"Asst. Coach, Offensive Coordinator, WR Coach"
Lisle Blackbourn,Lisle Blackbourn,Offensive,2,0,35,"Head Coach, Backfield Coach, Line Coach"
Lone Star Dietz,Lone Star Dietz,Other,0,0,24,"Head Coach, Assistant Coach"
Lou Holtz,Lou Holtz,Both,3,5,43,"Freshman Coach, Offensive Backs, Defensive Backs"
Lou Mahrt,Lou Mahrt,Other,0,0,1,Head Coach
Lou Rymkus,Lou Rymkus,Offensive,11,0,16,"Line Coach, Offensive Line, Head Coach"
Lou Saban,Lou Saban,Other,0,0,31,"Head Coach, Assistant Coach"
Lovie Smith,Lovie Smith,Defensive,0,22,42,"Defensive Coordinator, Asst. Coach/DB/WR, Linebackers"
Luby DiMeolo,Luby DiMeolo,Other,0,0,6,"Assistant Coach, Head Coach"
Lud Wray,Lud Wray,Offensive,8,0,22,"Assistant Coach, Head Coach, Line Coach"
Luke Johnsos,Luke Johnsos,Other,0,0,32,"Assistant Coach, Head Coach"
Mac Speedie,Mac Speedie,Offensive,4,0,7,"Receivers, Head Coach"
Mal Stevens,Mal Stevens,Other,0,0,19,"Assistant Coach, Head Coach, Freshmen Coach"
Marc Trestman,Marc Trestman,Offensive,22,0,38,"Volunteer Assistant, Quarterbacks, Running Backs"
Marion Campbell,Marion Campbell,Defensive,0,21,29,"Defensive Line, Defensive Coordinator, Defensive Coordinator/Interim HC"
Marty Brill,Marty Brill,Other,0,0,12,"Assistant Coach, Head Coach"
Marty Feldman,Marty Feldman,Offensive,1,0,15,"Freshmen Coach, Assistant Coach, Head Coach"
Marty Mornhinweg,Marty Mornhinweg,Offensive,20,0,35,"Receivers, Graduate Assistant, Running Backs"
Marty Schottenheimer,Marty Schottenheimer,Defensive,0,11,32,"Linebackers Coach, Defensive Coordinator, Defensive Coordinator/Interim HC"
Marv Levy,Marv Levy,Other,0,0,45,"Head Coach, Assistant Coach, Kicking Teams"
Marvin Lewis,Marvin Lewis,Defensive,0,23,44,"Linebackers, Defensive Coordinator, Head Coach"
Matt Eberflus,Matt Eberflus,Defensive,0,29,34,"Student Assistant, Graduate Assistant, Outside Linebackers"
Matt LaFleur,Matt LaFleur,Offensive,16,0,23,"Offensive Assistant, Quarterbacks/Wide Receivers, Offensive Coordinator"
Matt Nagy,Matt Nagy,Offensive,11,0,18,"Coaching Intern, Coaches' Assistant, Offensive Quality Control"
Matt Patricia,Matt Patricia,Both,3,15,27,"Graduate Assistant, Defensive Line, Offensive Assistant"
Matt Rhule,Matt Rhule,Both,6,6,28,"Linebackers, Defensive Line, Special Teams/Linebackers"
Max Hicks,Max Hicks,Other,0,0,1,Head Coach
Mel Doherty,Mel Doherty,Other,0,0,2,"Assistant Coach, Head Coach"
Mel Hein,Mel Hein,Offensive,18,0,21,"Head Coach, Line Coach, Offensive Line"
Mel Tucker,Mel Tucker,Defensive,1,17,28,"Graduate Assistant, Defensive Backs, Co-Defensive Coordinator"
Mike Ditka,Mike Ditka,Offensive,9,0,23,"Special Teams/Receivers, Head Coach"
Mike Getto,Mike Getto,Offensive,15,0,18,"Freshman Coach, Line Coach, Assistant Coach"
Mike Holmgren,Mike Holmgren,Offensive,15,0,38,"Offensive Coordinator, Assistant, Offensive Coordinator/QBs"
Mike Holovak,Mike Holovak,Offensive,5,0,25,"Freshman Coach, Head Coach, Offensive Backfield"
Mike Macdonald,Mike Macdonald,Defensive,2,11,18,"Linebackers/Running Backs, Graduate Assistant, Quality Control"
Mike Martz,Mike Martz,Offensive,21,0,38,"Assistant Coach, Quarterbacks/Receivers, Offensive Coordinator"
Mike McCarthy,Mike McCarthy,Offensive,14,0,37,"Graduate Assistant, Wide Receivers, Offensive Quality Control"
Mike McCormack,Mike McCormack,Offensive,9,2,17,"Line Coach, Defensive Line, Offensive Line"
Mike McCoy,Mike McCoy,Offensive,17,0,23,"Quarterbacks, Wide Receivers, QB/Passing Game Coord."
Mike McDaniel,Mike McDaniel,Offensive,16,0,21,"Intern, Offensive Assistant, Running Backs"
Mike Mularkey,Mike Mularkey,Offensive,18,0,25,"Offensive Line, Quality Control, Tight Ends"
Mike Munchak,Mike Munchak,Offensive,25,0,28,"Offensive Assistant/Quality Control, Offensive Line, Head Coach"
Mike Nixon,Mike Nixon,Offensive,16,0,26,"Assistant Coach, Backfield Coach, Head Coach"
Mike Nolan,Mike Nolan,Defensive,1,33,42,"Graduate Assistant, Linebackers/Defensive Backs, Linebackers"
Mike Palm,Mike Palm,Offensive,5,0,14,"Assistant Coach, Head Coach, Backfield Coach"
Mike Pettine,Mike Pettine,Defensive,0,13,36,"Assistant Coach, Graduate Assistant, Head Coach"
Mike Riley,Mike Riley,Defensive,1,10,48,"Graduate Assistant, Defensive Coordinator/Secondary, Secondary"
Mike Shanahan,Mike Shanahan,Offensive,17,0,38,"Offensive Assistant, Backfield, Offensive Coordinator"
Mike Sherman,Mike Sherman,Offensive,20,0,40,"Head Coach, Assistant Coach, Graduate Assistant"
Mike Singletary,Mike Singletary,Defensive,0,4,14,"Linebackers, Assistant Head Coach/Linebackers, Interim Head Coach/Assistant Head Coach/LBs"
Mike Smith,Mike Smith,Defensive,0,19,36,"Graduate Assistant, Linebackers, Defensive Line"
Mike Tice,Mike Tice,Offensive,12,0,21,"Tight Ends, Offensive Line, Interim Head Coach/Offensive Line"
Mike Tomlin,Mike Tomlin,Defensive,2,9,31,"Wide Receivers, Graduate Assistant, Defensive Backs"
Mike Vrabel,Mike Vrabel,Defensive,0,7,15,"Linebackers, Defensive Line, Defensive Coordinator"
Mike White,Mike White,Both,18,6,40,"Defensive Line, Offensive Coordinator/OL, Head Coach"
Mike Zimmer,Mike Zimmer,Both,5,31,46,"Assistant Coach, Defensive Coordinator, Defensive Backs Coach"
Milan Creighton,Milan Creighton,Other,0,0,4,Head Coach
Monte Clark,Monte Clark,Offensive,9,0,17,"Offensive Line, Offensive Coordinator, Head Coach"
Nathaniel Hackett,Nathaniel Hackett,Offensive,19,1,23,"Asst. Linebackers, Offensive Assistant, Coordinator's Assistant"
Ned Mathews,Ned Mathews,Other,0,0,1,Head Coach
Neill Armstrong,Neill Armstrong,Defensive,0,10,28,"Defensive Coach, Head Coach, Defensive Backs"
Nelson Talbot,Nelson Talbot,Other,0,0,3,Head Coach
Nick Saban,Nick Saban,Defensive,0,19,51,"Graduate Assistant, Linebackers, Outside Linebackers"
Nick Sirianni,Nick Sirianni,Offensive,15,2,22,"Defensive Backs, Wide Receivers, Offensive Quality Control"
Nick Skorich,Nick Skorich,Both,10,4,26,"Head Coach, Line Coach, Defensive Line"
Norb Hecker,Norb Hecker,Defensive,0,25,28,"Defensive Backs, Head Coach, Defensive Coordinator"
Norm Barry,Norm Barry,Other,0,0,2,Head Coach
Norm Van Brocklin,Norm Van Brocklin,Offensive,1,0,14,"Head Coach, Offensive Backfield"
Norv Turner,Norv Turner,Offensive,27,1,45,"Graduate Assistant, Wide Receivers, Defensive Backs"
Ollie Kraehe,Ollie Kraehe,Other,0,0,1,Head Coach
Otto Graham,Otto Graham,Other,0,0,12,Head Coach
Paddy Driscoll,Paddy Driscoll,Other,0,0,37,"Head Coach, Assistant Coach"
Pat Boland,Pat Boland,Offensive,6,0,8,"Freshmen Coach, Line Coach, Head Coach"
Pat Peppler,Pat Peppler,Other,0,0,10,"Assistant Coach, Head Coach"
Pat Shurmur,Pat Shurmur,Offensive,30,0,35,"Tight Ends, Offensive Line, Tight Ends/Offensive Line"
Paul Brown,Paul Brown,Other,0,0,41,Head Coach
Paul Schissler,Paul Schissler,Other,0,0,30,"Head Coach, Assistant Coach"
Paul Wiggin,Paul Wiggin,Defensive,0,16,23,"Defensive Line, Defensive Coordinator, Head Coach"
Perry Fewell,Perry Fewell,Both,4,28,35,"Graduate Assistant, Defensive Backs, Wide Receivers"
Pete Carroll,Pete Carroll,Defensive,1,17,51,"Graduate Assistant, Secondary Coordinator, Defensive Coordinator"
Pete Cawthon,Pete Cawthon,Offensive,1,0,24,"Head Coach, Line Coach, Assistant Coach"
Pete Henry,Pete Henry,Offensive,2,0,8,"Head Coach, Freshmen Coach, Assistant Coach"
Pete McCulley,Pete McCulley,Offensive,26,0,27,"Backfield Coach, Receivers/QBs, Receivers"
Pete Stinchcomb,Pete Stinchcomb,Other,0,0,1,Head Coach
Phil Bengtson,Phil Bengtson,Both,12,18,34,"Line Coach, Defensive Assistant, Defensive Coordinator"
Phil Handler,Phil Handler,Both,17,3,31,"Assistant Coach, Head Coach, Line Coach"
Pop Ivy,Pop Ivy,Defensive,1,2,19,"Assistant Coach, Head Coach, Defensive Coordinator"
Potsy Clark,Potsy Clark,Other,0,0,25,"Assistant Coach, Head Coach"
Punk Berryman,Punk Berryman,Other,0,0,5,Head Coach
Raheem Morris,Raheem Morris,Both,4,17,28,"Graduate Assistant, Defensive Backs, Defensive Quality Control"
Ralph Jones,Ralph Jones,Other,0,0,36,"Assistant Coach, Head Coach"
Ralph Scott,Ralph Scott,Other,0,0,2,Head Coach
Ray Flaherty,Ray Flaherty,Other,0,0,12,Head Coach
Ray Handley,Ray Handley,Both,7,5,25,"Graduate Assistant, Assistant Coach, Linebackers"
Ray Malavasi,Ray Malavasi,Defensive,2,15,29,"Line Coach, Assistant Coach, Defensive Line"
Ray McLean,Ray McLean,Offensive,11,0,16,"Head Coach, Backfield Coach"
Ray Perkins,Ray Perkins,Offensive,12,0,32,"Assistant, Wide Receivers, Offensive Coordinator"
Ray Prochaska,Ray Prochaska,Offensive,25,0,38,"Assistant Coach, Offensive Line, Head Coach"
Ray Rhodes,Ray Rhodes,Defensive,0,23,32,"Asst. DB Coach, Defensive Backs, Defensive Coordinator"
Ray Richards,Ray Richards,Offensive,15,1,22,"Line Coach, Assistant Coach, Head Coach"
Ray Willsey,Ray Willsey,Both,8,12,37,"Assistant Coach, Defensive Backs, Head Coach"
Raymond Berry,Raymond Berry,Offensive,16,0,22,"Receivers, Head Coach, Quarterbacks"
Red Dawson,Red Dawson,Offensive,10,0,23,"Backfield Coach, Head Coach"
Red Hickey,Red Hickey,Offensive,10,0,17,"Receivers, Offensive Assistant, Head Coach"
Red Miller,Red Miller,Offensive,15,0,27,"Assistant Coach, Offensive Line, Head Coach"
Red Strader,Red Strader,Offensive,2,0,20,"Head Coach, Assistant Coach, Backfield Coach"
Red Weaver,Red Weaver,Other,0,0,5,Head Coach
Rex Ryan,Rex Ryan,Defensive,0,20,30,"Defensive Ends, Defensive Coordinator/Assistant Head Coach, Defensive Coordinator"
Rich Bisaccia,Rich Bisaccia,Both,14,3,43,"Defensive Backs/Special Teams, Quarterbacks/Wide Receivers, Tight Ends/Wide Receivers (Graduate)"
Rich Brooks,Rich Brooks,Defensive,0,14,43,"Defensive Line, Linebackers, Special Teams"
Rich Kotite,Rich Kotite,Offensive,14,0,20,"Tight Ends, Wide Receivers, Offensive Coordinator"
Richard Williamson,Richard Williamson,Offensive,25,0,45,"Assistant Coach, Head Coach, Wide Receivers"
Richie Petitbon,Richie Petitbon,Defensive,0,19,20,"Defensive Assistant, Defensive Backs, Defensive Coordinator"
Rick Forzano,Rick Forzano,Offensive,4,0,26,"Assistant Coach, Head Coach, Offensive Backs"
Rick Venturi,Rick Venturi,Defensive,0,27,37,"Assistant, Defensive Backs, Head Coach"
Rob Chudzinski,Rob Chudzinski,Offensive,19,0,30,"Graduate Assistant, Tight Ends, Offensive Coordinator"
Robert Saleh,Robert Saleh,Defensive,0,21,25,"Defensive Assistant, Defensive Intern, Defensive Quality Control"
Rod Dowhower,Rod Dowhower,Offensive,25,0,37,"Assistant Coach, Receivers, Offensive Coordinator"
Rod Marinelli,Rod Marinelli,Defensive,1,32,49,"Defensive Coordinator, Defensive Line, Offensive Line/Special Teams"
Rod Rust,Rod Rust,Defensive,0,28,43,"Assistant Coach, Head Coach, Defensive Coordinator"
Romeo Crennel,Romeo Crennel,Defensive,0,32,50,"Graduate Assistant, Defensive Line, Defensive Assistant"
Ron Erhardt,Ron Erhardt,Offensive,21,0,42,"Assistant Coach, Head Coach, Offensive Backs"
Ron Meyer,Ron Meyer,Other,0,0,29,"Head Coach, Assistant Coach, Scout"
Ron Rivera,Ron Rivera,Defensive,0,14,27,"Defensive Quality Control, Linebackers, Defensive Coordinator"
Ron Waller,Ron Waller,Offensive,3,0,9,"Head Coach, Offensive Assistant, Special Teams"
Roy Andrews,Roy Andrews,Other,0,0,8,Head Coach
Rube Ursella,Rube Ursella,Other,0,0,4,Head Coach
Russ Daugherty,Russ Daugherty,Other,0,0,1,Head Coach
Russell Tollefson,Russell Tollefson,Other,0,0,4,Head Coach
Sam Rutigliano,Sam Rutigliano,Both,17,4,47,"Head Coach, DB Coach, WR Coach"
Sam Wyche,Sam Wyche,Offensive,19,0,32,"Quarterbacks, Head Coach, Offensive Coordinator"
Sammy Baugh,Sammy Baugh,Offensive,2,0,11,"Head Coach, Assistant Coach, Offensive Backfield"
Scott Linehan,Scott Linehan,Offensive,29,0,38,"Wide Receivers, Quarterbacks, Offensive Coordinator/QBs"
Scotty Bierce,Scotty Bierce,Other,0,0,1,Head Coach
Sean McDermott,Sean McDermott,Defensive,0,15,28,"Graduate Assistant, Scouting Coordinator, Asst. to the Head Coach"
Sean McVay,Sean McVay,Offensive,9,0,18,"Asst. Wide Receivers, Wide Receivers, Asst. Tight Ends"
Sean Payton,Sean Payton,Offensive,16,0,38,"Offensive Assistant, Running Backs, Offensive Coordinator"
Shane Steichen,Shane Steichen,Offensive,11,2,16,"Offensive Assistant, Defensive Assistant, Offensive Quality Control"
Shorty Barr,Shorty Barr,Other,0,0,1,Head Coach
Sid Gillman,Sid Gillman,Offensive,3,0,40,"Assistant Coach, Head Coach, Quality Control"
Stan Cofall,Stan Cofall,Other,0,0,8,Head Coach
Steve Mariucci,Steve Mariucci,Offensive,17,0,29,"Quarterbacks/Running Backs, Quarterbacks/Special Teams Coordinator, Offensive Coordinator"
Steve Owen,Steve Owen,Defensive,0,2,29,"Head Coach, Defensive Assistant, Interim Head Coach"
Steve Spagnuolo,Steve Spagnuolo,Defensive,0,38,46,"Graduate Assistant, Player Personnel Intern, Defensive Line/Special Teams"
Steve Spurrier,Steve Spurrier,Offensive,5,0,37,"Quarterbacks, Offensive Coordinator, Head Coach"
Steve Wilks,Steve Wilks,Defensive,0,24,29,"Defensive Coordinator, Head Coach, Defensive Backs"
Swede Youngstrom,Swede Youngstrom,Offensive,2,0,3,"Line Coach, Head Coach"
Tam Rose,Tam Rose,Other,0,0,6,Head Coach
Ted Marchibroda,Ted Marchibroda,Offensive,24,0,36,"Offensive Backs, Offensive Coach, Offensive Coordinator"
Ted Nesser,Ted Nesser,Other,0,0,2,Head Coach
Ted Shipkey,Ted Shipkey,Offensive,2,0,19,"Head Coach, Backfield Coach, Ends Coach"
Terry Robiskie,Terry Robiskie,Offensive,33,0,38,"Asst. ST Coach, Asst. RB Coach, Tight Ends"
Tex Grigg,Tex Grigg,Offensive,31,0,37,"Head Coach, Backfield Coach"
Thomas Brown,Thomas Brown,Offensive,13,0,15,"Strength & Conditioning, Running Backs, Offensive Coordinator/Running Backs"
Todd Bowles,Todd Bowles,Defensive,0,17,29,"Defensive Coordinator/Secondary, Secondary, Secondary (nickel package)"
Todd Haley,Todd Haley,Offensive,21,0,26,"Offensive Assistant/Quality Control, Wide Receivers, Wide Receivers/Passing Game Coordinator"
Tom Bettis,Tom Bettis,Defensive,0,28,28,"Defensive Backs, Defensive Coordinator/Interim HC, Defensive Coordinator"
Tom Cable,Tom Cable,Offensive,24,1,35,"Graduate Assistant, Defensive Line, Offensive Line"
Tom Coughlin,Tom Coughlin,Offensive,17,0,45,"Graduate Assistant, Head Coach, Quarterbacks/Offensive Backfield"
Tom Fears,Tom Fears,Offensive,10,0,16,"Receivers, Offensive Coordinator, Head Coach"
Tom Flores,Tom Flores,Offensive,8,0,20,"Quarterbacks, Receivers, Head Coach"
Tom Landry,Tom Landry,Defensive,0,6,35,"Defensive Coordinator, Head Coach"
Tom Scott,Tom Scott,Other,0,0,2,"Head Coach, Assistant Coach"
Tommy Hudspeth,Tommy Hudspeth,Offensive,1,0,21,"Assistant Coach, Head Coach, Backfield Coach"
Tommy Hughitt,Tommy Hughitt,Other,0,0,10,Head Coach
Tommy Prothro,Tommy Prothro,Other,0,0,32,"Assistant Coach, Head Coach"
Tony Dungy,Tony Dungy,Defensive,0,16,29,"Defensive Backs, Defensive Assistant, Defensive Coordinator"
Tony Sparano,Tony Sparano,Offensive,22,0,34,"Offensive Line, Offensive Coordinator, Head Coach"
Turk Edwards,Turk Edwards,Offensive,5,0,8,"Line Coach, Head Coach"
Tut Imlay,Tut Imlay,Other,0,0,1,Head Coach
Untz Brewer,Untz Brewer,Other,0,0,1,Head Coach
Urban Meyer,Urban Meyer,Offensive,12,2,34,"Defensive Backs, Graduate Assistant, Outside Linebackers"
Vance Joseph,Vance Joseph,Defensive,0,22,27,"Graduate Assistant, Defensive Backs, Asst. Defensive Backs"
Vic Fangio,Vic Fangio,Defensive,0,40,47,"Linebackers, Defensive Coordinator, Graduate Assistant"
Vince Lombardi,Vince Lombardi,Offensive,5,0,30,"Assistant Coach, Head Coach, Offensive Coordinator"
Vince Tobin,Vince Tobin,Defensive,0,25,32,"Graduate Assistant, Defensive Coordinator, Head Coach"
Wade Phillips,Wade Phillips,Defensive,0,39,52,"Graduate Assistant, Defensive Coordinator, Linebackers"
Wally Hess,Wally Hess,Other,0,0,3,Head Coach
Wally Lemm,Wally Lemm,Defensive,0,3,25,"Assistant Coach, Head Coach, Defensive Assistant"
Wally McIlwain,Wally McIlwain,Other,0,0,1,Head Coach
Walt Driskill,Walt Driskill,Other,0,0,8,"Freshman Coach, Assistant Coach, Head Coach"
Walt Kiesling,Walt Kiesling,Offensive,9,0,25,"Assistant Coach, Head Coach, Line Coach"
Walt Koppisch,Walt Koppisch,Other,0,0,1,Head Coach
Walt Michaels,Walt Michaels,Defensive,0,15,23,"Defensive Line, Linebackers/Defensive Backs, Defensive Coordinator"
Wayne Brenkert,Wayne Brenkert,Other,0,0,2,Head Coach
Wayne Fontes,Wayne Fontes,Defensive,0,13,25,"Assistant Coach, Defensive Backs, Defensive Coordinator"
Wayne Millner,Wayne Millner,Offensive,11,0,14,"Ends Coach, Head Coach, Assistant Coach"
Weeb Ewbank,Weeb Ewbank,Offensive,6,0,47,"Head Coach, Assistant Coach, Tackles"
Willie Wilkin,Willie Wilkin,Other,0,0,1,Head Coach
Zac Taylor,Zac Taylor,Offensive,7,0,18,"Graduate Assistant, Asst. QB Coach, QB Coach"
